time_ns,time_iso,range_m,height_err_m,delta_m_per_s,zscore_delta,edge_flag
1760809650080782063,2025-10-18T17:47:30.080Z,0.015000,-0.485000,0.000000,0.000000,0
1760809650180706877,2025-10-18T17:47:30.180Z,0.040050,-0.459950,0.250688,0.000000,0
1760809650280772140,2025-10-18T17:47:30.280Z,0.071383,-0.428617,0.313131,0.000000,0
1760809650379119310,2025-10-18T17:47:30.379Z,0.106175,-0.393825,0.353767,0.000000,0
1760809650481104471,2025-10-18T17:47:30.481Z,0.142345,-0.357655,0.354651,0.000000,0
1760809650579058030,2025-10-18T17:47:30.579Z,0.178393,-0.321607,0.368011,0.673052,0
1760809650680755090,2025-10-18T17:47:30.680Z,0.213274,-0.286726,0.342998,0.455454,0
1760809650780937235,2025-10-18T17:47:30.781Z,0.246293,-0.253707,0.329590,0.330752,0
1760809650879153305,2025-10-18T17:47:30.879Z,0.277018,-0.222982,0.312826,0.183717,0
1760809650980821855,2025-10-18T17:47:30.981Z,0.305215,-0.194785,0.277339,-0.119674,0
1760809651080904244,2025-10-18T17:47:31.081Z,0.330796,-0.169204,0.255602,-0.305429,0
1760809651180973061,2025-10-18T17:47:31.181Z,0.353779,-0.146221,0.229672,-0.527585,0
1760809651280696014,2025-10-18T17:47:31.280Z,0.374254,-0.125746,0.205316,-0.725901,0
1760809651380836708,2025-10-18T17:47:31.381Z,0.392358,-0.107642,0.180793,-0.910530,0
1760809651479889565,2025-10-18T17:47:31.479Z,0.408261,-0.091739,0.160546,-1.037417,0
1760809651580458255,2025-10-18T17:47:31.580Z,0.422145,-0.077855,0.138054,-1.168027,0
1760809651680958877,2025-10-18T17:47:31.681Z,0.434199,-0.065801,0.119944,-1.242767,0
1760809651780954141,2025-10-18T17:47:31.781Z,0.444611,-0.055389,0.104126,-1.288599,0
1760809651880392832,2025-10-18T17:47:31.880Z,0.453561,-0.046439,0.090007,-1.315620,0
1760809651980842969,2025-10-18T17:47:31.981Z,0.461220,-0.038780,0.076239,-1.337853,0
1760809652080702980,2025-10-18T17:47:32.080Z,0.467744,-0.032256,0.065334,-1.554525,0
1760809652180328439,2025-10-18T17:47:32.180Z,0.473278,-0.026722,0.055554,-1.462008,0
1760809652280400777,2025-10-18T17:47:32.280Z,0.477954,-0.022046,0.046725,-1.374322,0
1760809652380419471,2025-10-18T17:47:32.380Z,0.481889,-0.018111,0.039338,-1.302952,0
1760809652480723667,2025-10-18T17:47:32.480Z,0.485186,-0.014814,0.032875,-1.241602,0
1760809652580812354,2025-10-18T17:47:32.581Z,0.487939,-0.012061,0.027502,-1.198641,0
1760809652680663175,2025-10-18T17:47:32.680Z,0.490228,-0.009772,0.022921,-1.155867,0
1760809652780297183,2025-10-18T17:47:32.780Z,0.492123,-0.007877,0.019022,-1.122554,0
1760809652881000791,2025-10-18T17:47:32.881Z,0.493686,-0.006314,0.015521,-1.102402,0
1760809652980832342,2025-10-18T17:47:32.981Z,0.494969,-0.005031,0.012857,-1.073333,0
1760809653080964614,2025-10-18T17:47:33.081Z,0.496019,-0.003981,0.010480,-1.052579,0
1760809653180402539,2025-10-18T17:47:33.180Z,0.496873,-0.003127,0.008588,-1.032593,0
1760809653280886839,2025-10-18T17:47:33.281Z,0.497564,-0.002436,0.006883,-1.017684,0
1760809653380238554,2025-10-18T17:47:33.380Z,0.498122,-0.001878,0.005608,-1.000369,0
1760809653479247472,2025-10-18T17:47:33.479Z,0.498568,-0.001432,0.004509,-0.989003,0
1760809653579006785,2025-10-18T17:47:33.579Z,0.498923,-0.001077,0.003563,-0.975699,0
1760809653678840707,2025-10-18T17:47:33.678Z,0.499205,-0.000795,0.002816,-0.961985,0
1760809653778856400,2025-10-18T17:47:33.778Z,0.499425,-0.000575,0.002206,-0.949976,0
1760809653878989592,2025-10-18T17:47:33.879Z,0.499597,-0.000403,0.001715,-0.940293,0
1760809653980022975,2025-10-18T17:47:33.980Z,0.499729,-0.000271,0.001309,-0.928585,0
1760809654080586102,2025-10-18T17:47:34.080Z,0.499830,-0.000170,0.001002,-0.917620,0
1760809654178937096,2025-10-18T17:47:34.179Z,0.499905,-0.000095,0.000769,-0.907058,0
1760809654278869328,2025-10-18T17:47:34.278Z,0.499961,-0.000039,0.000558,-0.897676,0
1760809654378878586,2025-10-18T17:47:34.378Z,0.500001,0.000001,0.000402,-0.887673,0
1760809654478767344,2025-10-18T17:47:34.478Z,0.500030,0.000030,0.000281,-0.876626,0
1760809654580023845,2025-10-18T17:47:34.580Z,0.500048,0.000048,0.000185,-0.866082,0
1760809654679869508,2025-10-18T17:47:34.680Z,0.500060,0.000060,0.000117,-0.855266,0
1760809654780150272,2025-10-18T17:47:34.780Z,0.500066,0.000066,0.000064,-0.845493,0
1760809654879866422,2025-10-18T17:47:34.880Z,0.500069,0.000069,0.000025,-0.832339,0
1760809654978946525,2025-10-18T17:47:34.979Z,0.500069,0.000069,-0.000003,-0.820174,0
1760809655078930175,2025-10-18T17:47:35.079Z,0.500066,0.000066,-0.000023,-0.806622,0
1760809655179953199,2025-10-18T17:47:35.180Z,0.500063,0.000063,-0.000035,-0.793477,0
1760809655278903598,2025-10-18T17:47:35.279Z,0.500058,0.000058,-0.000044,-0.776744,0
1760809655379768037,2025-10-18T17:47:35.379Z,0.500053,0.000053,-0.000048,-0.760496,0
1760809655479929422,2025-10-18T17:47:35.480Z,0.500048,0.000048,-0.000050,-0.744961,0
1760809655580183217,2025-10-18T17:47:35.580Z,0.500044,0.000044,-0.000049,-0.725536,0
1760809655679910908,2025-10-18T17:47:35.680Z,0.500039,0.000039,-0.000048,-0.704269,0
1760809655780176398,2025-10-18T17:47:35.780Z,0.500034,0.000034,-0.000045,-0.678324,0
1760809655879027694,2025-10-18T17:47:35.879Z,0.500030,0.000030,-0.000042,-0.650868,0
1760809655978963095,2025-10-18T17:47:35.979Z,0.500026,0.000026,-0.000038,-0.611981,0
1760809656078996221,2025-10-18T17:47:36.079Z,0.500023,0.000023,-0.000035,-0.566009,0
1760809656179043214,2025-10-18T17:47:36.179Z,0.500020,0.000020,-0.000032,-0.515890,0
1760809656278958027,2025-10-18T17:47:36.279Z,0.500017,0.000017,-0.000027,-0.439661,0
1760809656379013445,2025-10-18T17:47:36.379Z,0.500014,0.000014,-0.000024,-0.343849,0
1760809656479770225,2025-10-18T17:47:36.479Z,0.500012,0.000012,-0.000021,-0.202360,0
1760809656580261767,2025-10-18T17:47:36.580Z,0.500010,0.000010,-0.000019,-0.001679,0
1760809656679760946,2025-10-18T17:47:36.679Z,0.500009,0.000009,-0.000016,0.337296,0
1760809656779998227,2025-10-18T17:47:36.780Z,0.500007,0.000007,-0.000014,0.852216,0
1760809656880830789,2025-10-18T17:47:36.881Z,0.500006,0.000006,-0.000012,1.331078,0
1760809656980705465,2025-10-18T17:47:36.980Z,0.500005,0.000005,-0.000010,1.591736,0
1760809657079852063,2025-10-18T17:47:37.080Z,0.500004,0.000004,-0.000009,1.530150,0
1760809657180126564,2025-10-18T17:47:37.180Z,0.500004,0.000004,-0.000007,1.470361,0
1760809657280497182,2025-10-18T17:47:37.280Z,0.500003,0.000003,-0.000007,1.349102,0
1760809657379223379,2025-10-18T17:47:37.379Z,0.500002,0.000002,-0.000005,1.317457,0
1760809657479064366,2025-10-18T17:47:37.479Z,0.500002,0.000002,-0.000005,1.212506,0
1760809657578959281,2025-10-18T17:47:37.579Z,0.500002,0.000002,-0.000004,1.196093,0
1760809657678975526,2025-10-18T17:47:37.679Z,0.500001,0.000001,-0.000003,1.157287,0
1760809657779074079,2025-10-18T17:47:37.779Z,0.500001,0.000001,-0.000002,1.127763,0
1760809657878997739,2025-10-18T17:47:37.879Z,0.500001,0.000001,-0.000002,1.068046,0
1760809657978926210,2025-10-18T17:47:37.979Z,0.500001,0.000001,-0.000002,1.063446,0
1760809658080674959,2025-10-18T17:47:38.080Z,0.500001,0.000001,-0.000001,1.070867,0
1760809658179970860,2025-10-18T17:47:38.180Z,0.500000,0.000000,-0.000001,1.025524,0
1760809658279342529,2025-10-18T17:47:38.279Z,0.500000,0.000000,-0.000001,0.980176,0
1760809658380460627,2025-10-18T17:47:38.380Z,0.500000,0.000000,-0.000001,1.025002,0
1760809658480409155,2025-10-18T17:47:38.480Z,0.500000,0.000000,-0.000001,0.984145,0
1760809658580298920,2025-10-18T17:47:38.580Z,0.500000,0.000000,-0.000001,0.952222,0
1760809658680313080,2025-10-18T17:47:38.680Z,0.500000,0.000000,0.000000,1.046514,0
1760809658780428925,2025-10-18T17:47:38.780Z,0.500000,0.000000,-0.000001,0.860242,0
1760809658880971662,2025-10-18T17:47:38.881Z,0.500000,0.000000,0.000000,1.008208,0
1760809658980687404,2025-10-18T17:47:38.980Z,0.500000,0.000000,0.000000,0.977657,0
1760809659080577906,2025-10-18T17:47:39.080Z,0.500000,0.000000,-0.000001,0.712958,0
1760809659179261699,2025-10-18T17:47:39.179Z,0.500000,0.000000,0.000000,0.953206,0
1760809659280149899,2025-10-18T17:47:39.280Z,0.500000,0.000000,0.000000,0.944767,0
1760809659380883957,2025-10-18T17:47:39.381Z,0.500000,0.000000,0.000000,0.897360,0
1760809659480410444,2025-10-18T17:47:39.480Z,0.500000,0.000000,0.000000,0.894491,0
1760809659579177572,2025-10-18T17:47:39.579Z,0.500000,0.000000,0.000000,0.862000,0
1760809659679204561,2025-10-18T17:47:39.679Z,0.500000,0.000000,0.000000,0.824222,0
1760809659779063609,2025-10-18T17:47:39.779Z,0.500000,0.000000,0.000000,0.771667,0
1760809659880224342,2025-10-18T17:47:39.880Z,0.500000,0.000000,0.000000,0.757600,0
1760809659980280240,2025-10-18T17:47:39.980Z,0.500000,0.000000,0.000000,0.724320,0
1760809660080562725,2025-10-18T17:47:40.080Z,0.500000,0.000000,0.000000,0.654251,0
1760809660180449938,2025-10-18T17:47:40.180Z,0.500000,0.000000,0.000000,0.595029,0
1760809660278972750,2025-10-18T17:47:40.279Z,0.500000,0.000000,0.000000,0.562723,0
1760809660380570837,2025-10-18T17:47:40.380Z,0.500000,0.000000,0.000000,0.487339,0
1760809660480511821,2025-10-18T17:47:40.480Z,0.500000,0.000000,0.000000,0.409447,0
1760809660578907482,2025-10-18T17:47:40.579Z,0.500000,0.000000,0.000000,0.324893,0
1760809660680628291,2025-10-18T17:47:40.680Z,0.500000,0.000000,0.000000,0.324893,0
1760809660779005085,2025-10-18T17:47:40.779Z,0.500000,0.000000,0.000000,0.223607,0
1760809660878883926,2025-10-18T17:47:40.878Z,0.500000,0.000000,0.000000,0.223607,0
1760809660978986668,2025-10-18T17:47:40.979Z,0.500000,0.000000,0.000000,0.223607,0
1760809661078918633,2025-10-18T17:47:41.078Z,0.500000,0.000000,0.000000,0.000000,0
1760809661178905427,2025-10-18T17:47:41.178Z,0.500000,0.000000,0.000000,0.000000,0
1760809661278978311,2025-10-18T17:47:41.279Z,0.500000,0.000000,0.000000,0.000000,0
1760809661378988589,2025-10-18T17:47:41.379Z,0.500000,0.000000,0.000000,0.000000,0
1760809661478945491,2025-10-18T17:47:41.479Z,0.500000,0.000000,0.000000,0.000000,0
1760809661578998135,2025-10-18T17:47:41.579Z,0.500000,0.000000,0.000000,0.000000,0
1760809661679085176,2025-10-18T17:47:41.679Z,0.500000,0.000000,0.000000,0.000000,0
1760809661778916991,2025-10-18T17:47:41.778Z,0.500000,0.000000,0.000000,0.000000,0
1760809661880409927,2025-10-18T17:47:41.880Z,0.500000,0.000000,0.000000,0.000000,0
1760809661978953115,2025-10-18T17:47:41.979Z,0.500000,0.000000,0.000000,0.000000,0
1760809662078943640,2025-10-18T17:47:42.079Z,0.500000,0.000000,0.000000,0.000000,0
1760809662179035324,2025-10-18T17:47:42.179Z,0.500000,0.000000,0.000000,0.000000,0
1760809662280140846,2025-10-18T17:47:42.280Z,0.500000,0.000000,0.000000,0.000000,0
1760809662380076137,2025-10-18T17:47:42.380Z,0.500000,0.000000,0.000000,0.000000,0
1760809662478986563,2025-10-18T17:47:42.479Z,0.500000,0.000000,0.000000,0.000000,0
1760809662578895042,2025-10-18T17:47:42.578Z,0.500000,0.000000,0.000000,0.000000,0
1760809662678975039,2025-10-18T17:47:42.679Z,0.500000,0.000000,0.000000,0.000000,0
1760809662778946488,2025-10-18T17:47:42.779Z,0.500000,0.000000,0.000000,0.000000,0
1760809662879046242,2025-10-18T17:47:42.879Z,0.500000,0.000000,0.000000,0.000000,0
1760809662979006992,2025-10-18T17:47:42.979Z,0.500000,0.000000,0.000000,0.000000,0
1760809663078943222,2025-10-18T17:47:43.079Z,0.500000,0.000000,0.000000,0.000000,0
1760809663178925525,2025-10-18T17:47:43.179Z,0.500000,0.000000,0.000000,0.000000,0
1760809663278899550,2025-10-18T17:47:43.279Z,0.500000,0.000000,0.000000,0.000000,0
1760809663379887224,2025-10-18T17:47:43.380Z,0.500000,0.000000,0.000000,0.000000,0
1760809663480360815,2025-10-18T17:47:43.480Z,0.500000,0.000000,0.000000,0.000000,0
1760809663580209368,2025-10-18T17:47:43.580Z,0.500000,0.000000,0.000000,0.000000,0
1760809663680348485,2025-10-18T17:47:43.680Z,0.500000,0.000000,0.000000,0.000000,0
1760809663780158834,2025-10-18T17:47:43.780Z,0.500000,0.000000,0.000000,0.000000,0
1760809663880310637,2025-10-18T17:47:43.880Z,0.500000,0.000000,0.000000,0.000000,0
1760809663979996219,2025-10-18T17:47:43.980Z,0.500000,0.000000,0.000000,0.000000,0
1760809664078914907,2025-10-18T17:47:44.079Z,0.500000,0.000000,0.000000,0.000000,0
1760809664180582774,2025-10-18T17:47:44.180Z,0.500000,0.000000,0.000000,0.000000,0
1760809664280411244,2025-10-18T17:47:44.280Z,0.500000,0.000000,0.000000,0.000000,0
1760809664378895953,2025-10-18T17:47:44.379Z,0.500000,0.000000,0.000000,0.000000,0
1760809664478917833,2025-10-18T17:47:44.479Z,0.500000,0.000000,0.000000,0.000000,0
1760809664578865666,2025-10-18T17:47:44.578Z,0.500000,0.000000,0.000000,0.000000,0
1760809664678926004,2025-10-18T17:47:44.679Z,0.500000,0.000000,0.000000,0.000000,0
1760809664778948431,2025-10-18T17:47:44.779Z,0.500000,0.000000,0.000000,0.000000,0
1760809664878856086,2025-10-18T17:47:44.878Z,0.500000,0.000000,0.000000,0.000000,0
1760809664979076775,2025-10-18T17:47:44.979Z,0.500000,0.000000,0.000000,0.000000,0
1760809665078999059,2025-10-18T17:47:45.079Z,0.500000,0.000000,0.000000,0.000000,0
1760809665179107783,2025-10-18T17:47:45.179Z,0.500000,0.000000,0.000000,0.000000,0
1760809665279064178,2025-10-18T17:47:45.279Z,0.500000,0.000000,0.000000,0.000000,0
1760809665378952319,2025-10-18T17:47:45.379Z,0.500000,0.000000,0.000000,0.000000,0
1760809665478898654,2025-10-18T17:47:45.478Z,0.500000,0.000000,0.000000,0.000000,0
1760809665578918606,2025-10-18T17:47:45.578Z,0.500000,0.000000,0.000000,0.000000,0
1760809665678964020,2025-10-18T17:47:45.679Z,0.500000,0.000000,0.000000,0.000000,0
1760809665778955094,2025-10-18T17:47:45.779Z,0.500000,0.000000,0.000000,0.000000,0
1760809665878932921,2025-10-18T17:47:45.879Z,0.500000,0.000000,0.000000,0.000000,0
1760809665979047105,2025-10-18T17:47:45.979Z,0.500000,0.000000,0.000000,0.000000,0
1760809666080402170,2025-10-18T17:47:46.080Z,0.500000,0.000000,0.000000,0.000000,0
1760809666180394843,2025-10-18T17:47:46.180Z,0.500000,0.000000,0.000000,0.000000,0
1760809666278947220,2025-10-18T17:47:46.279Z,0.500000,0.000000,0.000000,0.000000,0
1760809666378899403,2025-10-18T17:47:46.378Z,0.500000,0.000000,0.000000,0.000000,0
1760809666478987653,2025-10-18T17:47:46.479Z,0.500000,0.000000,0.000000,0.000000,0
1760809666578927880,2025-10-18T17:47:46.579Z,0.500000,0.000000,0.000000,0.000000,0
1760809666678993663,2025-10-18T17:47:46.679Z,0.500000,0.000000,0.000000,0.000000,0
1760809666780112423,2025-10-18T17:47:46.780Z,0.500000,0.000000,0.000000,0.000000,0
1760809666878982373,2025-10-18T17:47:46.879Z,0.500000,0.000000,0.000000,0.000000,0
1760809666979060100,2025-10-18T17:47:46.979Z,0.500000,0.000000,0.000000,0.000000,0
1760809667079022962,2025-10-18T17:47:47.079Z,0.500000,0.000000,0.000000,0.000000,0
1760809667178999183,2025-10-18T17:47:47.179Z,0.500000,0.000000,0.000000,0.000000,0
1760809667280658488,2025-10-18T17:47:47.280Z,0.500000,0.000000,0.000000,0.000000,0
1760809667379082168,2025-10-18T17:47:47.379Z,0.500000,0.000000,0.000000,0.000000,0
1760809667480704912,2025-10-18T17:47:47.480Z,0.500000,0.000000,0.000000,0.000000,0
1760809667579093387,2025-10-18T17:47:47.579Z,0.500000,0.000000,0.000000,0.000000,0
1760809667679171808,2025-10-18T17:47:47.679Z,0.500000,0.000000,0.000000,0.000000,0
1760809667779117894,2025-10-18T17:47:47.779Z,0.500000,0.000000,0.000000,0.000000,0
1760809667879087351,2025-10-18T17:47:47.879Z,0.500000,0.000000,0.000000,0.000000,0
1760809667978998758,2025-10-18T17:47:47.979Z,0.500000,0.000000,0.000000,0.000000,0
1760809668079061751,2025-10-18T17:47:48.079Z,0.500000,0.000000,0.000000,0.000000,0
1760809668179006551,2025-10-18T17:47:48.179Z,0.500000,0.000000,0.000000,0.000000,0
1760809668279020688,2025-10-18T17:47:48.279Z,0.500000,0.000000,0.000000,0.000000,0
1760809668380047373,2025-10-18T17:47:48.380Z,0.500000,0.000000,0.000000,0.000000,0
1760809668479701671,2025-10-18T17:47:48.479Z,0.500000,0.000000,0.000000,0.000000,0
1760809668580554651,2025-10-18T17:47:48.580Z,0.500000,0.000000,0.000000,0.000000,0
1760809668680436129,2025-10-18T17:47:48.680Z,0.500000,0.000000,0.000000,0.000000,0
1760809668778977854,2025-10-18T17:47:48.779Z,0.500000,0.000000,0.000000,0.000000,0
1760809668879923395,2025-10-18T17:47:48.880Z,0.500000,0.000000,0.000000,0.000000,0
1760809668978926891,2025-10-18T17:47:48.979Z,0.500000,0.000000,0.000000,0.000000,0
1760809669078993693,2025-10-18T17:47:49.079Z,0.500000,0.000000,0.000000,0.000000,0
1760809669178885140,2025-10-18T17:47:49.178Z,0.500000,0.000000,0.000000,0.000000,0
1760809669278994869,2025-10-18T17:47:49.279Z,0.500000,0.000000,0.000000,0.000000,0
1760809669379018547,2025-10-18T17:47:49.379Z,0.500000,0.000000,0.000000,0.000000,0
1760809669479070084,2025-10-18T17:47:49.479Z,0.500000,0.000000,0.000000,0.000000,0
1760809669578985369,2025-10-18T17:47:49.579Z,0.500000,0.000000,0.000000,0.000000,0
1760809669678984869,2025-10-18T17:47:49.679Z,0.500000,0.000000,0.000000,0.000000,0
1760809669778893734,2025-10-18T17:47:49.778Z,0.500000,0.000000,0.000000,0.000000,0
1760809669878997801,2025-10-18T17:47:49.879Z,0.500000,0.000000,0.000000,0.000000,0
1760809669979030779,2025-10-18T17:47:49.979Z,0.500000,0.000000,0.000000,0.000000,0
1760809670079064021,2025-10-18T17:47:50.079Z,0.500000,0.000000,0.000000,0.000000,0
1760809670178915995,2025-10-18T17:47:50.178Z,0.500000,0.000000,0.000000,0.000000,0
1760809670278915532,2025-10-18T17:47:50.278Z,0.500000,0.000000,0.000000,0.000000,0
1760809670378874587,2025-10-18T17:47:50.378Z,0.500000,0.000000,0.000000,0.000000,0
1760809670478988971,2025-10-18T17:47:50.479Z,0.500000,0.000000,0.000000,0.000000,0
1760809670578956537,2025-10-18T17:47:50.579Z,0.500000,0.000000,0.000000,0.000000,0
1760809670679000830,2025-10-18T17:47:50.679Z,0.500000,0.000000,0.000000,0.000000,0
1760809670779019973,2025-10-18T17:47:50.779Z,0.500000,0.000000,0.000000,0.000000,0
1760809670879103248,2025-10-18T17:47:50.879Z,0.500000,0.000000,0.000000,0.000000,0
1760809670978911231,2025-10-18T17:47:50.978Z,0.500000,0.000000,0.000000,0.000000,0
1760809671078899562,2025-10-18T17:47:51.078Z,0.500000,0.000000,0.000000,0.000000,0
1760809671179076586,2025-10-18T17:47:51.179Z,0.500000,0.000000,0.000000,0.000000,0
1760809671278839715,2025-10-18T17:47:51.278Z,0.500000,0.000000,0.000000,0.000000,0
1760809671378947360,2025-10-18T17:47:51.379Z,0.500000,0.000000,0.000000,0.000000,0
1760809671478872218,2025-10-18T17:47:51.478Z,0.500000,0.000000,0.000000,0.000000,0
1760809671578886196,2025-10-18T17:47:51.578Z,0.500000,0.000000,0.000000,0.000000,0
1760809671678947177,2025-10-18T17:47:51.679Z,0.500000,0.000000,0.000000,0.000000,0
1760809671779214168,2025-10-18T17:47:51.779Z,0.500000,0.000000,0.000000,0.000000,0
1760809671878955836,2025-10-18T17:47:51.879Z,0.500000,0.000000,0.000000,0.000000,0
1760809671978963914,2025-10-18T17:47:51.979Z,0.500000,0.000000,0.000000,0.000000,0
1760809672078901499,2025-10-18T17:47:52.078Z,0.500000,0.000000,0.000000,0.000000,0
1760809672178890148,2025-10-18T17:47:52.178Z,0.500000,0.000000,0.000000,0.000000,0
1760809672280222169,2025-10-18T17:47:52.280Z,0.500000,0.000000,0.000000,0.000000,0
1760809672379087820,2025-10-18T17:47:52.379Z,0.500000,0.000000,0.000000,0.000000,0
1760809672479208790,2025-10-18T17:47:52.479Z,0.500000,0.000000,0.000000,0.000000,0
1760809672578890767,2025-10-18T17:47:52.578Z,0.500000,0.000000,0.000000,0.000000,0
1760809672678998995,2025-10-18T17:47:52.679Z,0.500000,0.000000,0.000000,0.000000,0
1760809672779039793,2025-10-18T17:47:52.779Z,0.500000,0.000000,0.000000,0.000000,0
1760809672879842062,2025-10-18T17:47:52.880Z,0.500000,0.000000,0.000000,0.000000,0
1760809672978965859,2025-10-18T17:47:52.979Z,0.500000,0.000000,0.000000,0.000000,0
1760809673078936761,2025-10-18T17:47:53.079Z,0.500000,0.000000,0.000000,0.000000,0
1760809673179178635,2025-10-18T17:47:53.179Z,0.500000,0.000000,0.000000,0.000000,0
1760809673279067359,2025-10-18T17:47:53.279Z,0.500000,0.000000,0.000000,0.000000,0
1760809673379186730,2025-10-18T17:47:53.379Z,0.500000,0.000000,0.000000,0.000000,0
1760809673479126295,2025-10-18T17:47:53.479Z,0.500000,0.000000,0.000000,0.000000,0
1760809673579035963,2025-10-18T17:47:53.579Z,0.500000,0.000000,0.000000,0.000000,0
1760809673680809874,2025-10-18T17:47:53.680Z,0.500000,0.000000,0.000000,0.000000,0
1760809673780749156,2025-10-18T17:47:53.780Z,0.500000,0.000000,0.000000,0.000000,0
1760809673880765631,2025-10-18T17:47:53.880Z,0.500000,0.000000,0.000000,0.000000,0
1760809673979270144,2025-10-18T17:47:53.979Z,0.500000,0.000000,0.000000,0.000000,0
1760809674080725655,2025-10-18T17:47:54.080Z,0.500000,0.000000,0.000000,0.000000,0
1760809674180696482,2025-10-18T17:47:54.180Z,0.500000,0.000000,0.000000,0.000000,0
1760809674280235530,2025-10-18T17:47:54.280Z,0.500000,0.000000,0.000000,0.000000,0
1760809674379873418,2025-10-18T17:47:54.380Z,0.500000,0.000000,0.000000,0.000000,0
1760809674480050575,2025-10-18T17:47:54.480Z,0.500000,0.000000,0.000000,0.000000,0
1760809674579781377,2025-10-18T17:47:54.579Z,0.500000,0.000000,0.000000,0.000000,0
1760809674680589174,2025-10-18T17:47:54.680Z,0.500000,0.000000,0.000000,0.000000,0
1760809674780662253,2025-10-18T17:47:54.780Z,0.500000,0.000000,0.000000,0.000000,0
1760809674880706338,2025-10-18T17:47:54.880Z,0.500000,0.000000,0.000000,0.000000,0
1760809674979063000,2025-10-18T17:47:54.979Z,0.500000,0.000000,0.000000,0.000000,0
1760809675080732488,2025-10-18T17:47:55.080Z,0.500000,0.000000,0.000000,0.000000,0
1760809675180537972,2025-10-18T17:47:55.180Z,0.500000,0.000000,0.000000,0.000000,0
1760809675279070678,2025-10-18T17:47:55.279Z,0.500000,0.000000,0.000000,0.000000,0
1760809675379198451,2025-10-18T17:47:55.379Z,0.500000,0.000000,0.000000,0.000000,0
1760809675479136674,2025-10-18T17:47:55.479Z,0.500000,0.000000,0.000000,0.000000,0
1760809675578837045,2025-10-18T17:47:55.578Z,0.500000,0.000000,0.000000,0.000000,0
1760809675679348367,2025-10-18T17:47:55.679Z,0.500000,0.000000,0.000000,0.000000,0
1760809675779062631,2025-10-18T17:47:55.779Z,0.500000,0.000000,0.000000,0.000000,0
1760809675879076477,2025-10-18T17:47:55.879Z,0.500000,0.000000,0.000000,0.000000,0
1760809675979009483,2025-10-18T17:47:55.979Z,0.500000,0.000000,0.000000,0.000000,0
1760809676079335830,2025-10-18T17:47:56.079Z,0.500000,0.000000,0.000000,0.000000,0
1760809676180388472,2025-10-18T17:47:56.180Z,0.500000,0.000000,0.000000,0.000000,0
1760809676279107325,2025-10-18T17:47:56.279Z,0.500000,0.000000,0.000000,0.000000,0
1760809676380625049,2025-10-18T17:47:56.380Z,0.500000,0.000000,0.000000,0.000000,0
1760809676480483173,2025-10-18T17:47:56.480Z,0.500000,0.000000,0.000000,0.000000,0
1760809676578892643,2025-10-18T17:47:56.578Z,0.500000,0.000000,0.000000,0.000000,0
1760809676679833844,2025-10-18T17:47:56.680Z,0.500000,0.000000,0.000000,0.000000,0
1760809676779120732,2025-10-18T17:47:56.779Z,0.500000,0.000000,0.000000,0.000000,0
1760809676878992191,2025-10-18T17:47:56.879Z,0.500000,0.000000,0.000000,0.000000,0
1760809676979030987,2025-10-18T17:47:56.979Z,0.500000,0.000000,0.000000,0.000000,0
1760809677079051715,2025-10-18T17:47:57.079Z,0.500000,0.000000,0.000000,0.000000,0
1760809677179114978,2025-10-18T17:47:57.179Z,0.500000,0.000000,0.000000,0.000000,0
1760809677279006237,2025-10-18T17:47:57.279Z,0.500000,0.000000,0.000000,0.000000,0
1760809677379010646,2025-10-18T17:47:57.379Z,0.500000,0.000000,0.000000,0.000000,0
1760809677478981333,2025-10-18T17:47:57.479Z,0.500000,0.000000,0.000000,0.000000,0
1760809677578833741,2025-10-18T17:47:57.578Z,0.500000,0.000000,0.000000,0.000000,0
1760809677680167354,2025-10-18T17:47:57.680Z,0.500000,0.000000,0.000000,0.000000,0
1760809677780315631,2025-10-18T17:47:57.780Z,0.500000,0.000000,0.000000,0.000000,0
1760809677879003766,2025-10-18T17:47:57.879Z,0.500000,0.000000,0.000000,0.000000,0
1760809677978900573,2025-10-18T17:47:57.978Z,0.500000,0.000000,0.000000,0.000000,0
1760809678079155824,2025-10-18T17:47:58.079Z,0.500000,0.000000,0.000000,0.000000,0
1760809678178923239,2025-10-18T17:47:58.178Z,0.500000,0.000000,0.000000,0.000000,0
1760809678279055625,2025-10-18T17:47:58.279Z,0.500000,0.000000,0.000000,0.000000,0
1760809678378832828,2025-10-18T17:47:58.378Z,0.500000,0.000000,0.000000,0.000000,0
1760809678478946905,2025-10-18T17:47:58.479Z,0.500000,0.000000,0.000000,0.000000,0
1760809678579390046,2025-10-18T17:47:58.579Z,0.500000,0.000000,0.000000,0.000000,0
1760809678678973227,2025-10-18T17:47:58.679Z,0.500000,0.000000,0.000000,0.000000,0
1760809678778990025,2025-10-18T17:47:58.779Z,0.500000,0.000000,0.000000,0.000000,0
1760809678879167234,2025-10-18T17:47:58.879Z,0.500000,0.000000,0.000000,0.000000,0
1760809678978882297,2025-10-18T17:47:58.978Z,0.500000,0.000000,0.000000,0.000000,0
1760809679079088740,2025-10-18T17:47:59.079Z,0.500000,0.000000,0.000000,0.000000,0
1760809679178940095,2025-10-18T17:47:59.179Z,0.500000,0.000000,0.000000,0.000000,0
1760809679278918422,2025-10-18T17:47:59.279Z,0.500000,0.000000,0.000000,0.000000,0
1760809679378924406,2025-10-18T17:47:59.379Z,0.500000,0.000000,0.000000,0.000000,0
1760809679478942322,2025-10-18T17:47:59.479Z,0.500000,0.000000,0.000000,0.000000,0
1760809679578950839,2025-10-18T17:47:59.579Z,0.500000,0.000000,0.000000,0.000000,0
1760809679678976186,2025-10-18T17:47:59.679Z,0.500000,0.000000,0.000000,0.000000,0
1760809679778985247,2025-10-18T17:47:59.779Z,0.500000,0.000000,0.000000,0.000000,0
1760809679879036853,2025-10-18T17:47:59.879Z,0.500000,0.000000,0.000000,0.000000,0
1760809679978922244,2025-10-18T17:47:59.979Z,0.500000,0.000000,0.000000,0.000000,0
1760809680078961286,2025-10-18T17:48:00.079Z,0.500000,0.000000,0.000000,0.000000,0
1760809680180133556,2025-10-18T17:48:00.180Z,0.500000,0.000000,0.000000,0.000000,0
1760809680278948317,2025-10-18T17:48:00.279Z,0.500000,0.000000,0.000000,0.000000,0
1760809680378898215,2025-10-18T17:48:00.378Z,0.500000,0.000000,0.000000,0.000000,0
1760809680479068105,2025-10-18T17:48:00.479Z,0.500000,0.000000,0.000000,0.000000,0
1760809680579024898,2025-10-18T17:48:00.579Z,0.500000,0.000000,0.000000,0.000000,0
1760809680678932837,2025-10-18T17:48:00.679Z,0.500000,0.000000,0.000000,0.000000,0
1760809680778898722,2025-10-18T17:48:00.778Z,0.500000,0.000000,0.000000,0.000000,0
1760809680880092034,2025-10-18T17:48:00.880Z,0.500000,0.000000,0.000000,0.000000,0
1760809680978983223,2025-10-18T17:48:00.979Z,0.500000,0.000000,0.000000,0.000000,0
1760809681079007416,2025-10-18T17:48:01.079Z,0.500000,0.000000,0.000000,0.000000,0
1760809681178933812,2025-10-18T17:48:01.179Z,0.500000,0.000000,0.000000,0.000000,0
1760809681278962524,2025-10-18T17:48:01.279Z,0.500000,0.000000,0.000000,0.000000,0
1760809681378915141,2025-10-18T17:48:01.378Z,0.500000,0.000000,0.000000,0.000000,0
1760809681479092639,2025-10-18T17:48:01.479Z,0.500000,0.000000,0.000000,0.000000,0
1760809681578816192,2025-10-18T17:48:01.578Z,0.500000,0.000000,0.000000,0.000000,0
1760809681678914954,2025-10-18T17:48:01.678Z,0.500000,0.000000,0.000000,0.000000,0
1760809681779013052,2025-10-18T17:48:01.779Z,0.500000,0.000000,0.000000,0.000000,0
1760809681878946600,2025-10-18T17:48:01.879Z,0.500000,0.000000,0.000000,0.000000,0
1760809681978972137,2025-10-18T17:48:01.979Z,0.500000,0.000000,0.000000,0.000000,0
1760809682078939602,2025-10-18T17:48:02.079Z,0.500000,0.000000,0.000000,0.000000,0
1760809682178853428,2025-10-18T17:48:02.178Z,0.500000,0.000000,0.000000,0.000000,0
1760809682278893866,2025-10-18T17:48:02.278Z,0.500000,0.000000,0.000000,0.000000,0
1760809682378995417,2025-10-18T17:48:02.379Z,0.500000,0.000000,0.000000,0.000000,0
1760809682478954333,2025-10-18T17:48:02.479Z,0.500000,0.000000,0.000000,0.000000,0
1760809682579006240,2025-10-18T17:48:02.579Z,0.500000,0.000000,0.000000,0.000000,0
1760809682678926890,2025-10-18T17:48:02.679Z,0.500000,0.000000,0.000000,0.000000,0
1760809682780296294,2025-10-18T17:48:02.780Z,0.500000,0.000000,0.000000,0.000000,0
1760809682878993540,2025-10-18T17:48:02.879Z,0.500000,0.000000,0.000000,0.000000,0
1760809682978929411,2025-10-18T17:48:02.979Z,0.500000,0.000000,0.000000,0.000000,0
1760809683078899874,2025-10-18T17:48:03.079Z,0.500000,0.000000,0.000000,0.000000,0
1760809683178952279,2025-10-18T17:48:03.179Z,0.500000,0.000000,0.000000,0.000000,0
1760809683278964844,2025-10-18T17:48:03.279Z,0.500000,0.000000,0.000000,0.000000,0
1760809683378887531,2025-10-18T17:48:03.378Z,0.500000,0.000000,0.000000,0.000000,0
1760809683478971633,2025-10-18T17:48:03.479Z,0.500000,0.000000,0.000000,0.000000,0
1760809683579019697,2025-10-18T17:48:03.579Z,0.500000,0.000000,0.000000,0.000000,0
1760809683678897460,2025-10-18T17:48:03.678Z,0.500000,0.000000,0.000000,0.000000,0
1760809683778983801,2025-10-18T17:48:03.779Z,0.500000,0.000000,0.000000,0.000000,0
1760809683878927600,2025-10-18T17:48:03.879Z,0.500000,0.000000,0.000000,0.000000,0
1760809683978943151,2025-10-18T17:48:03.979Z,0.500000,0.000000,0.000000,0.000000,0
1760809684078999620,2025-10-18T17:48:04.079Z,0.500000,0.000000,0.000000,0.000000,0
1760809684178984671,2025-10-18T17:48:04.179Z,0.500000,0.000000,0.000000,0.000000,0
1760809684279155184,2025-10-18T17:48:04.279Z,0.500000,0.000000,0.000000,0.000000,0
1760809684379088050,2025-10-18T17:48:04.379Z,0.500000,0.000000,0.000000,0.000000,0
1760809684478967271,2025-10-18T17:48:04.479Z,0.500000,0.000000,0.000000,0.000000,0
1760809684578912513,2025-10-18T17:48:04.579Z,0.500000,0.000000,0.000000,0.000000,0
1760809684678974455,2025-10-18T17:48:04.679Z,0.500000,0.000000,0.000000,0.000000,0
1760809684778953202,2025-10-18T17:48:04.779Z,0.500000,0.000000,0.000000,0.000000,0
1760809684878991251,2025-10-18T17:48:04.879Z,0.500000,0.000000,0.000000,0.000000,0
1760809684978926902,2025-10-18T17:48:04.979Z,0.500000,0.000000,0.000000,0.000000,0
1760809685078973402,2025-10-18T17:48:05.079Z,0.500000,0.000000,0.000000,0.000000,0
1760809685178915532,2025-10-18T17:48:05.179Z,0.500000,0.000000,0.000000,0.000000,0
1760809685278898587,2025-10-18T17:48:05.279Z,0.500000,0.000000,0.000000,0.000000,0
1760809685378963264,2025-10-18T17:48:05.379Z,0.500000,0.000000,0.000000,0.000000,0
1760809685479160033,2025-10-18T17:48:05.479Z,0.500000,0.000000,0.000000,0.000000,0
1760809685578895903,2025-10-18T17:48:05.578Z,0.500000,0.000000,0.000000,0.000000,0
1760809685680009553,2025-10-18T17:48:05.680Z,0.500000,0.000000,0.000000,0.000000,0
1760809685779442264,2025-10-18T17:48:05.779Z,0.500000,0.000000,0.000000,0.000000,0
1760809685879144532,2025-10-18T17:48:05.879Z,0.500000,0.000000,0.000000,0.000000,0
1760809685979275949,2025-10-18T17:48:05.979Z,0.500000,0.000000,0.000000,0.000000,0
1760809686079270450,2025-10-18T17:48:06.079Z,0.500000,0.000000,0.000000,0.000000,0
1760809686179087551,2025-10-18T17:48:06.179Z,0.500000,0.000000,0.000000,0.000000,0
1760809686279192049,2025-10-18T17:48:06.279Z,0.500000,0.000000,0.000000,0.000000,0
1760809686379127346,2025-10-18T17:48:06.379Z,0.500000,0.000000,0.000000,0.000000,0
1760809686479205647,2025-10-18T17:48:06.479Z,0.500000,0.000000,0.000000,0.000000,0
1760809686579137239,2025-10-18T17:48:06.579Z,0.500000,0.000000,0.000000,0.000000,0
1760809686679028791,2025-10-18T17:48:06.679Z,0.500000,0.000000,0.000000,0.000000,0
1760809686779235815,2025-10-18T17:48:06.779Z,0.500000,0.000000,0.000000,0.000000,0
1760809686878990147,2025-10-18T17:48:06.879Z,0.500000,0.000000,0.000000,0.000000,0
1760809686979011762,2025-10-18T17:48:06.979Z,0.500000,0.000000,0.000000,0.000000,0
1760809687078915145,2025-10-18T17:48:07.079Z,0.500000,0.000000,0.000000,0.000000,0
1760809687179009349,2025-10-18T17:48:07.179Z,0.500000,0.000000,0.000000,0.000000,0
1760809687279014794,2025-10-18T17:48:07.279Z,0.500000,0.000000,0.000000,0.000000,0
1760809687379010704,2025-10-18T17:48:07.379Z,0.500000,0.000000,0.000000,0.000000,0
1760809687478977041,2025-10-18T17:48:07.479Z,0.500000,0.000000,0.000000,0.000000,0
1760809687578971263,2025-10-18T17:48:07.579Z,0.500000,0.000000,0.000000,0.000000,0
1760809687679815109,2025-10-18T17:48:07.680Z,0.500000,0.000000,0.000000,0.000000,0
1760809687778963343,2025-10-18T17:48:07.779Z,0.500000,0.000000,0.000000,0.000000,0
1760809687878952170,2025-10-18T17:48:07.879Z,0.500000,0.000000,0.000000,0.000000,0
1760809687978910569,2025-10-18T17:48:07.978Z,0.500000,0.000000,0.000000,0.000000,0
1760809688079037622,2025-10-18T17:48:08.079Z,0.500000,0.000000,0.000000,0.000000,0
1760809688178937609,2025-10-18T17:48:08.179Z,0.500000,0.000000,0.000000,0.000000,0
1760809688278992840,2025-10-18T17:48:08.279Z,0.500000,0.000000,0.000000,0.000000,0
1760809688378943744,2025-10-18T17:48:08.379Z,0.500000,0.000000,0.000000,0.000000,0
1760809688478881589,2025-10-18T17:48:08.478Z,0.500000,0.000000,0.000000,0.000000,0
1760809688578924949,2025-10-18T17:48:08.579Z,0.500000,0.000000,0.000000,0.000000,0
1760809688679070244,2025-10-18T17:48:08.679Z,0.500000,0.000000,0.000000,0.000000,0
1760809688778959888,2025-10-18T17:48:08.779Z,0.500000,0.000000,0.000000,0.000000,0
1760809688880005309,2025-10-18T17:48:08.880Z,0.500000,0.000000,0.000000,0.000000,0
1760809688978992570,2025-10-18T17:48:08.979Z,0.500000,0.000000,0.000000,0.000000,0
1760809689078961484,2025-10-18T17:48:09.079Z,0.500000,0.000000,0.000000,0.000000,0
1760809689179044663,2025-10-18T17:48:09.179Z,0.500000,0.000000,0.000000,0.000000,0
1760809689278987389,2025-10-18T17:48:09.279Z,0.500000,0.000000,0.000000,0.000000,0
1760809689379006468,2025-10-18T17:48:09.379Z,0.500000,0.000000,0.000000,0.000000,0
1760809689478987973,2025-10-18T17:48:09.479Z,0.500000,0.000000,0.000000,0.000000,0
1760809689579061578,2025-10-18T17:48:09.579Z,0.500000,0.000000,0.000000,0.000000,0
1760809689678965687,2025-10-18T17:48:09.679Z,0.500000,0.000000,0.000000,0.000000,0
1760809689779004012,2025-10-18T17:48:09.779Z,0.500000,0.000000,0.000000,0.000000,0
1760809689878940010,2025-10-18T17:48:09.879Z,0.500000,0.000000,0.000000,0.000000,0
1760809689979154805,2025-10-18T17:48:09.979Z,0.500000,0.000000,0.000000,0.000000,0
1760809690079025218,2025-10-18T17:48:10.079Z,0.500000,0.000000,0.000000,0.000000,0
1760809690179020019,2025-10-18T17:48:10.179Z,0.500000,0.000000,0.000000,0.000000,0
1760809690278952714,2025-10-18T17:48:10.279Z,0.500000,0.000000,0.000000,0.000000,0
1760809690379029318,2025-10-18T17:48:10.379Z,0.500000,0.000000,0.000000,0.000000,0
